-- phpMyAdmin SQL Dump
-- version 4.8.0.1
-- https://www.phpmyadmin.net/
--
-- Host: localhost
-- Generation Time: Jun 29, 2018 at 12:31 AM
-- Server version: 10.1.32-MariaDB
-- PHP Version: 5.6.36

SET SQL_MODE = "NO_AUTO_VALUE_ON_ZERO";
SET AUTOCOMMIT = 0;
START TRANSACTION;
SET time_zone = "+00:00";


/*!40101 SET @OLD_CHARACTER_SET_CLIENT=@@CHARACTER_SET_CLIENT */;
/*!40101 SET @OLD_CHARACTER_SET_RESULTS=@@CHARACTER_SET_RESULTS */;
/*!40101 SET @OLD_COLLATION_CONNECTION=@@COLLATION_CONNECTION */;
/*!40101 SET NAMES utf8mb4 */;

--
-- Database: `cloudstorage_skripsi`
--

-- --------------------------------------------------------

--
-- Table structure for table `daemons`
--

CREATE TABLE `daemons` (
  `Start` text NOT NULL,
  `Info` text NOT NULL
) ENGINE=MyISAM DEFAULT CHARSET=utf8mb4;

-- --------------------------------------------------------

--
-- Table structure for table `file_tbl`
--

CREATE TABLE `file_tbl` (
  `file_id` int(11) NOT NULL,
  `user_id` int(11) NOT NULL,
  `file_name` text NOT NULL,
  `file_type` varchar(50) NOT NULL,
  `file_size` double NOT NULL,
  `file_date_modified` datetime NOT NULL,
  `file_permission` int(11) NOT NULL,
  `file_root` text NOT NULL,
  `file_status` int(11) NOT NULL
) ENGINE=InnoDB DEFAULT CHARSET=latin1;

--
-- Dumping data for table `file_tbl`
--

INSERT INTO `file_tbl` (`file_id`, `user_id`, `file_name`, `file_type`, `file_size`, `file_date_modified`, `file_permission`, `file_root`, `file_status`) VALUES
(1, 14, 'Folder Fid', 'folder', 0, '2018-05-21 21:10:54', 777, 'L29wdC9sYW1wcC9odGRvY3MvaXQtY2xvdWRzdG9yYWdlL3N0b3JhZ2UvZmlkLw==', 0),
(2, 14, '7.png', 'file', 126295, '2018-05-21 21:11:02', 777, 'L29wdC9sYW1wcC9odGRvY3MvaXQtY2xvdWRzdG9yYWdlL3N0b3JhZ2UvZmlkLw==', 0),
(3, 14, '456.png', 'file', 126295, '2018-05-21 21:12:33', 777, 'L29wdC9sYW1wcC9odGRvY3MvaXQtY2xvdWRzdG9yYWdlL3N0b3JhZ2UvZmlkL0ZvbGRlciBGaWQv', 0),
(5, 4, 'Kompresi Tugas 2  E1E114035 Sitti Najmia.docx', 'file', 167483, '2018-06-05 14:51:04', 777, 'L29wdC9sYW1wcC9odGRvY3MvaXQtY2xvdWRzdG9yYWdlL3N0b3JhZ2UveWFtaW4v', 0),
(6, 4, 'yamin1', 'folder', 0, '2018-06-05 14:54:36', 777, 'L29wdC9sYW1wcC9odGRvY3MvaXQtY2xvdWRzdG9yYWdlL3N0b3JhZ2UveWFtaW4v', 0),
(7, 4, 'Sistem Terdistribusi Tugas 1  E1E1 14 035 Sitti Najmia.pdf', 'file', 736848, '2018-06-05 14:58:56', 777, 'L29wdC9sYW1wcC9odGRvY3MvaXQtY2xvdWRzdG9yYWdlL3N0b3JhZ2UveWFtaW4veWFtaW4xLw==', 0),
(8, 4, 'semangat mia', 'folder', 0, '2018-06-05 15:00:56', 777, 'L29wdC9sYW1wcC9odGRvY3MvaXQtY2xvdWRzdG9yYWdlL3N0b3JhZ2UveWFtaW4v', 0),
(9, 4, 'TMPDOODLE1528182138533.jpg', 'file', 542964, '2018-06-05 15:02:23', 777, 'L29wdC9sYW1wcC9odGRvY3MvaXQtY2xvdWRzdG9yYWdlL3N0b3JhZ2UveWFtaW4v', 0),
(10, 1, 'script sms gateway.png', 'file', 193906, '2018-06-23 19:58:35', 777, 'L29wdC9sYW1wcC9odGRvY3MvaXQtY2xvdWRzdG9yYWdlL3N0b3JhZ2UvYWRtaW4v', 0),
(13, 1, 'it-cloudstorage.tar.gz', 'file', 12309408, '2018-06-23 20:00:25', 777, 'L29wdC9sYW1wcC9odGRvY3MvaXQtY2xvdWRzdG9yYWdlL3N0b3JhZ2UvYWRtaW4v', 0),
(14, 6, '5.png', 'file', 29749, '2018-06-23 20:01:14', 777, 'L29wdC9sYW1wcC9odGRvY3MvaXQtY2xvdWRzdG9yYWdlL3N0b3JhZ2UvbWlhcmlmYWkv', 1),
(15, 6, 'Sistem Terdistribusi Tugas 1  E1E1 14 035 Sitti Najmia.pdf', 'file', 736848, '2018-06-23 20:01:55', 777, 'L29wdC9sYW1wcC9odGRvY3MvaXQtY2xvdWRzdG9yYWdlL3N0b3JhZ2UvbWlhcmlmYWkv', 0),
(16, 1, 'as', 'folder', 0, '2018-06-23 20:07:11', 777, 'L29wdC9sYW1wcC9odGRvY3MvaXQtY2xvdWRzdG9yYWdlL3N0b3JhZ2UvYWRtaW4v', 0);

-- --------------------------------------------------------

--
-- Table structure for table `gammu`
--

CREATE TABLE `gammu` (
  `Version` int(11) NOT NULL DEFAULT '0'
) ENGINE=MyISAM DEFAULT CHARSET=utf8mb4;

--
-- Dumping data for table `gammu`
--

INSERT INTO `gammu` (`Version`) VALUES
(15);

-- --------------------------------------------------------

--
-- Table structure for table `inbox`
--

CREATE TABLE `inbox` (
  `UpdatedInDB` timestamp NOT NULL DEFAULT CURRENT_TIMESTAMP ON UPDATE CURRENT_TIMESTAMP,
  `ReceivingDateTime` timestamp NOT NULL DEFAULT '0000-00-00 00:00:00',
  `Text` text NOT NULL,
  `SenderNumber` varchar(20) NOT NULL DEFAULT '',
  `Coding` enum('Default_No_Compression','Unicode_No_Compression','8bit','Default_Compression','Unicode_Compression') NOT NULL DEFAULT 'Default_No_Compression',
  `UDH` text NOT NULL,
  `SMSCNumber` varchar(20) NOT NULL DEFAULT '',
  `Class` int(11) NOT NULL DEFAULT '-1',
  `TextDecoded` text NOT NULL,
  `ID` int(10) UNSIGNED NOT NULL,
  `RecipientID` text NOT NULL,
  `Processed` enum('false','true') NOT NULL DEFAULT 'false'
) ENGINE=MyISAM DEFAULT CHARSET=utf8mb4;

--
-- Dumping data for table `inbox`
--

INSERT INTO `inbox` (`UpdatedInDB`, `ReceivingDateTime`, `Text`, `SenderNumber`, `Coding`, `UDH`, `SMSCNumber`, `Class`, `TextDecoded`, `ID`, `RecipientID`, `Processed`) VALUES
('2018-05-18 08:26:59', '2018-03-19 05:16:19', '00490061002E0020004E0064006B00200061006400610020006800700071002E0020002E0020004E0061006E007400690020006D006500200073006A0061002E0020', '+6285656034727', 'Default_No_Compression', '', '+62855000000', -1, 'Ia. Ndk ada hpq. . Nanti me sja. ', 1, '', 'false'),
('2018-05-18 08:27:29', '2018-05-18 07:27:27', '004B006900720069006D002000740065007200750073002000680069006E00670067006100200031003300200053004D0053002000620065007200620061007900610072002000640061006E002000640061007000610074006B0061006E0020006800610072006700610020007300700065007300690061006C002000730065006E0069006C00610069002000520070002000320035002000700065007200200053004D005300200075006E00740075006B00200033003000200053004D005300200062006500720069006B00750074006E00790061002E', 'TELKOMSEL', 'Default_No_Compression', '', '+6281100000', 1, 'Kirim terus hingga 13 SMS berbayar dan dapatkan harga spesial senilai Rp 25 per SMS untuk 30 SMS berikutnya.', 2, '', 'false'),
('2018-05-18 09:24:14', '2018-05-18 08:23:59', '0048006E00790061002000750074006B00200041006E0064006100210020004400610074006100200031003500470042002B0074006C0070002000730070007500610073006E00790020006B0065002000730073006D00610020005400730065006C002B003100300030006D006E007400200061006C006C0020006F00700074002B0035003000300053004D00530020006F006E006E00650074002000620072006C006B00750020003300300068007200200068006E0079006100200037003500720062002C006400700074006B006E002000700075006C00730061002000350030003000720062002000750074006B0020003100300030003000200070006D00620065006C006900200070007200740061006D0061002E0041006B007400690066006B006E0020006400690020002A0033003600330023002E0053004B0042', 'TELKOMSEL', 'Default_No_Compression', '', '+6281100000', -1, 'Hnya utk Anda! Data 15GB+tlp spuasny ke ssma Tsel+100mnt all opt+500SMS onnet brlku 30hr hnya 75rb,dptkn pulsa 500rb utk 1000 pmbeli prtama.Aktifkn di *363#.SKB', 3, '', 'false'),
('2018-05-21 04:24:48', '2018-05-18 08:26:01', '006D00690061', '+6282347453528', 'Default_No_Compression', '', '+6281100000', -1, 'mia', 4, '', 'false'),
('2018-05-21 04:24:49', '2018-05-18 08:29:02', '0069006E0064007200610020006D006F006E007900650074', '+6282347453528', 'Default_No_Compression', '', '+6281100000', -1, 'indra monyet', 5, '', 'false'),
('2018-05-21 04:24:50', '2018-05-18 08:47:04', '0041006B0075006E00200061006E00640061002000740065006C006100680020006400690061006B007400690066006B0061006E002E00200054006500720069006D0061006B0061007300690068', '+6282347453528', 'Default_No_Compression', '', '+6281100000', -1, 'Akun anda telah diaktifkan. Terimakasih', 6, '', 'false'),
('2018-05-21 04:24:50', '2018-05-20 12:20:37', '00620075007400750068002000740065006D00700061007400200079006700200062006900730061002000620069006B0069006E002000730065006E0061006E0067003F002000610074006100750020006D006100750020006300750072006800610074003F00200061006B0075002000730069006100700020006E0065006D0065006E0069006E0020006B0061006D0075002C00200074006C0070006E0020007900610020006B0065002000300038003000390031003400300031003000350036002000640069006A0061006D0069006E0020007000610073007400690020006100730069006B0020006400650068002C002C0073006900610070006100200074006100750020006B0069007400610020006A006F0064006F006800200028006E006F002000730065007800200026002000730061007200610029', '+6282312294659', 'Default_No_Compression', '', '+6281107908', -1, 'butuh tempat yg bisa bikin senang? atau mau curhat? aku siap nemenin kamu, tlpn ya ke 08091401056 dijamin pasti asik deh,,siapa tau kita jodoh (no sex & sara)', 7, '', 'false'),
('2018-05-21 04:24:51', '2018-05-16 06:00:08', '004E006F006D006F007200200041006E00640061002000740065006C00610068002000640069006900730069002000640065006E00670061006E0020006E006F006D006F007200200053004E00200038003000350031003600310034003000300030003600300031003800300030003600390031002E', 'MKIOS', 'Default_No_Compression', '', '+6281100000', -1, 'Nomor Anda telah diisi dengan nomor SN 8051614000601800691.', 8, '', 'false'),
('2018-05-21 04:24:51', '2018-05-21 00:35:24', '004E006F006D006F007200200041006E00640061002000740065006C00610068002000640069006900730069002000640065006E00670061006E0020006E006F006D006F007200200053004E00200038003000350032003100300038003300350032003300300031003900390036003100340031002E', 'MKIOS', 'Default_No_Compression', '', '+6281100000', -1, 'Nomor Anda telah diisi dengan nomor SN 8052108352301996141.', 9, '', 'false'),
('2018-05-21 04:26:47', '2018-05-21 04:26:37', '004B006900720069006D002000740065007200750073002000680069006E00670067006100200031003300200053004D0053002000620065007200620061007900610072002000640061006E002000640061007000610074006B0061006E0020006800610072006700610020007300700065007300690061006C002000730065006E0069006C00610069002000520070002000320035002000700065007200200053004D005300200075006E00740075006B00200033003000200053004D005300200062006500720069006B00750074006E00790061002E', 'TELKOMSEL', 'Default_No_Compression', '', '+6281100000', 1, 'Kirim terus hingga 13 SMS berbayar dan dapatkan harga spesial senilai Rp 25 per SMS untuk 30 SMS berikutnya.', 10, '', 'false'),
('2018-05-22 08:42:12', '2018-05-21 08:50:54', '00500052004F004D004F0020004E00530050002000520070002000310031002F003700680072002100200062006C007300200053004D00530020006B006500740069006B002000590041002000750074006B0020006C0061006E006700670061006E0061006E0020004E0053005000200043006F006D00650020004200610063006B00200048006F006D006500200028004D006B0069006F00730029002D0032004E00450031002000740065006D0061006E006D0075002000740064002E0049006E0066006F003A0020007400730065006C002E006D0065002F006E00730070002E002000430053003A0020003100380038', '121201', 'Default_No_Compression', '', '+6281100000', -1, 'PROMO NSP Rp 11/7hr! bls SMS ketik YA utk langganan NSP Come Back Home (Mkios)-2NE1 temanmu td.Info: tsel.me/nsp. CS: 188', 11, '', 'false'),
('2018-06-05 00:55:53', '2018-05-28 07:36:03', '00500052004F004700520041004D00200055004E004400490041004E000A0041006E0064006100200074007200700069006C006900680020006D006500720061006900680020006800610064006900610068000A006B00650032002000630065006B0020003700350020006A007500740061002000440072002000500054002E0057006800610074007300610070007000200049004400200049004E0043000A00440067006E0020006B006F00640065002000700069006E002000280032003700380031004D005000370029000A00630065006B002000700069006E00200061006E00640061002000440049000A007700770077002E00770065006200770068006100740073006100700070002D0069006E0063002E0062006C006F006700730070006F0074002E0063006F006D', '+6285314787603', 'Default_No_Compression', '', '+6281100000', -1, 'PROGRAM UNDIAN\nAnda trpilih meraih hadiah\nke2 cek 75 juta Dr PT.Whatsapp ID INC\nDgn kode pin (2781MP7)\ncek pin anda DI\nwww.webwhatsapp-inc.blogspot.com', 12, '', 'false'),
('2018-06-05 00:55:54', '2018-05-30 05:58:18', '00500065006C0061006E006700670061006E0020003000380032003300320034003200360036003600360035002C0020004B0061006D0075002000620069007300610020004300680061007400740069006E00670020005300650070007500610073006E00790061002000540061006E0070006100200049006E007400650072006E00650074002E00200055006E00740075006B0020004D0075006C0061006900200043006800610074002000640061006E0020004200610063006100200050006500730061006E002E002000530069006C0061006B0061006E00200048005500420020002A003500300030002A003000380023', '+6281219911440', 'Default_No_Compression', '', '+6281107908', -1, 'Pelanggan 082324266665, Kamu bisa Chatting Sepuasnya Tanpa Internet. Untuk Mulai Chat dan Baca Pesan. Silakan HUB *500*08#', 13, '', 'false'),
('2018-06-05 00:55:54', '2018-06-04 10:15:27', '00440069006A00750061006C0020004B006100720074007500200058004C00200041006B0068006900720061006E002000530061006D0061000D000A0030003800310039003300380030002000360036003600360035000D000A00520070002E003100390035002E003000300030000D000A004D0069006E006100740020005300650072006900750073003F0020004800750062002E002F004B006900720069006D0020004E0061006D006100260041006C0061006D006100740020004C0065006E0067006B0061007000200041006E006400610020004B0065002000480050002F00570041003A0020003000380032003300320032003700350035003500350038000D000A005400520049004D0041004B0041005300490048', '+6285204587708', 'Default_No_Compression', '', '+6281100000', -1, 'Dijual Kartu XL Akhiran Sama\r\n0819380 66665\r\nRp.195.000\r\nMinat Serius? Hub./Kirim Nama&Alamat Lengkap Anda Ke HP/WA: 082322755558\r\nTRIMAKASIH', 14, '', 'false'),
('2018-06-05 00:55:55', '2018-06-04 11:41:54', '004E006F006D006F007200200041006E00640061002000740065006C00610068002000640069006900730069002000640065006E00670061006E0020006E006F006D006F007200200053004E00200038003000360030003400310039003400310035003200300031003600370035003000360031002E', 'MKIOS', 'Default_No_Compression', '', '+6281100000', -1, 'Nomor Anda telah diisi dengan nomor SN 8060419415201675061.', 15, '', 'false'),
('2018-06-05 01:00:07', '2018-06-04 23:59:53', '004B006900720069006D002000740065007200750073002000680069006E00670067006100200031003300200053004D0053002000620065007200620061007900610072002000640061006E002000640061007000610074006B0061006E0020006800610072006700610020007300700065007300690061006C002000730065006E0069006C00610069002000520070002000320035002000700065007200200053004D005300200075006E00740075006B00200033003000200053004D005300200062006500720069006B00750074006E00790061002E', 'TELKOMSEL', 'Default_No_Compression', '', '+6281100000', 1, 'Kirim terus hingga 13 SMS berbayar dan dapatkan harga spesial senilai Rp 25 per SMS untuk 30 SMS berikutnya.', 16, '', 'false');

--
-- Triggers `inbox`
--
DELIMITER $$
CREATE TRIGGER `inbox_timestamp` BEFORE INSERT ON `inbox` FOR EACH ROW BEGIN
    IF NEW.ReceivingDateTime = '0000-00-00 00:00:00' THEN
        SET NEW.ReceivingDateTime = CURRENT_TIMESTAMP();
    END IF;
END
$$
DELIMITER ;

-- --------------------------------------------------------

--
-- Table structure for table `note_tbl`
--

CREATE TABLE `note_tbl` (
  `note_id` int(11) NOT NULL,
  `note_description` text NOT NULL,
  `note_date` date NOT NULL,
  `note_status` varchar(1) NOT NULL
) ENGINE=InnoDB DEFAULT CHARSET=latin1;

--
-- Dumping data for table `note_tbl`
--

INSERT INTO `note_tbl` (`note_id`, `note_description`, `note_date`, `note_status`) VALUES
(1, 'Konsultasi Hari Senin', '2018-05-21', 'Y'),
(2, 'Besok Konsul laporan', '2018-05-21', 'Y');

-- --------------------------------------------------------

--
-- Table structure for table `outbox`
--

CREATE TABLE `outbox` (
  `UpdatedInDB` timestamp NOT NULL DEFAULT CURRENT_TIMESTAMP ON UPDATE CURRENT_TIMESTAMP,
  `InsertIntoDB` timestamp NOT NULL DEFAULT '0000-00-00 00:00:00',
  `SendingDateTime` timestamp NOT NULL DEFAULT '0000-00-00 00:00:00',
  `SendBefore` time NOT NULL DEFAULT '23:59:59',
  `SendAfter` time NOT NULL DEFAULT '00:00:00',
  `Text` text,
  `DestinationNumber` varchar(20) NOT NULL DEFAULT '',
  `Coding` enum('Default_No_Compression','Unicode_No_Compression','8bit','Default_Compression','Unicode_Compression') NOT NULL DEFAULT 'Default_No_Compression',
  `UDH` text,
  `Class` int(11) DEFAULT '-1',
  `TextDecoded` text NOT NULL,
  `ID` int(10) UNSIGNED NOT NULL,
  `MultiPart` enum('false','true') DEFAULT 'false',
  `RelativeValidity` int(11) DEFAULT '-1',
  `SenderID` varchar(255) DEFAULT NULL,
  `SendingTimeOut` timestamp NULL DEFAULT '0000-00-00 00:00:00',
  `DeliveryReport` enum('default','yes','no') DEFAULT 'default',
  `CreatorID` text NOT NULL,
  `Retries` int(3) DEFAULT '0'
) ENGINE=MyISAM DEFAULT CHARSET=utf8mb4;

--
-- Triggers `outbox`
--
DELIMITER $$
CREATE TRIGGER `outbox_timestamp` BEFORE INSERT ON `outbox` FOR EACH ROW BEGIN
    IF NEW.InsertIntoDB = '0000-00-00 00:00:00' THEN
        SET NEW.InsertIntoDB = CURRENT_TIMESTAMP();
    END IF;
    IF NEW.SendingDateTime = '0000-00-00 00:00:00' THEN
        SET NEW.SendingDateTime = CURRENT_TIMESTAMP();
    END IF;
    IF NEW.SendingTimeOut = '0000-00-00 00:00:00' THEN
        SET NEW.SendingTimeOut = CURRENT_TIMESTAMP();
    END IF;
END
$$
DELIMITER ;

-- --------------------------------------------------------

--
-- Table structure for table `outbox_multipart`
--

CREATE TABLE `outbox_multipart` (
  `Text` text,
  `Coding` enum('Default_No_Compression','Unicode_No_Compression','8bit','Default_Compression','Unicode_Compression') NOT NULL DEFAULT 'Default_No_Compression',
  `UDH` text,
  `Class` int(11) DEFAULT '-1',
  `TextDecoded` text,
  `ID` int(10) UNSIGNED NOT NULL DEFAULT '0',
  `SequencePosition` int(11) NOT NULL DEFAULT '1'
) ENGINE=MyISAM DEFAULT CHARSET=utf8mb4;

-- --------------------------------------------------------

--
-- Table structure for table `pbk`
--

CREATE TABLE `pbk` (
  `ID` int(11) NOT NULL,
  `GroupID` int(11) NOT NULL DEFAULT '-1',
  `Name` text NOT NULL,
  `Number` text NOT NULL
) ENGINE=MyISAM DEFAULT CHARSET=utf8mb4;

-- --------------------------------------------------------

--
-- Table structure for table `pbk_groups`
--

CREATE TABLE `pbk_groups` (
  `Name` text NOT NULL,
  `ID` int(11) NOT NULL
) ENGINE=MyISAM DEFAULT CHARSET=utf8mb4;

-- --------------------------------------------------------

--
-- Table structure for table `phones`
--

CREATE TABLE `phones` (
  `ID` text NOT NULL,
  `UpdatedInDB` timestamp NOT NULL DEFAULT CURRENT_TIMESTAMP ON UPDATE CURRENT_TIMESTAMP,
  `InsertIntoDB` timestamp NOT NULL DEFAULT '0000-00-00 00:00:00',
  `TimeOut` timestamp NOT NULL DEFAULT '0000-00-00 00:00:00',
  `Send` enum('yes','no') NOT NULL DEFAULT 'no',
  `Receive` enum('yes','no') NOT NULL DEFAULT 'no',
  `IMEI` varchar(35) NOT NULL,
  `NetCode` varchar(10) DEFAULT 'ERROR',
  `NetName` varchar(35) DEFAULT 'ERROR',
  `Client` text NOT NULL,
  `Battery` int(11) NOT NULL DEFAULT '-1',
  `Signal` int(11) NOT NULL DEFAULT '-1',
  `Sent` int(11) NOT NULL DEFAULT '0',
  `Received` int(11) NOT NULL DEFAULT '0'
) ENGINE=MyISAM DEFAULT CHARSET=utf8mb4;

--
-- Dumping data for table `phones`
--

INSERT INTO `phones` (`ID`, `UpdatedInDB`, `InsertIntoDB`, `TimeOut`, `Send`, `Receive`, `IMEI`, `NetCode`, `NetName`, `Client`, `Battery`, `Signal`, `Sent`, `Received`) VALUES
('', '2018-06-05 07:23:28', '2018-06-05 00:55:51', '2018-06-05 07:23:38', 'yes', 'yes', '352920045501973ӯ', '', '', 'Gammu 1.37.0, Linux, kernel 4.13.0-36-generic (#40~16.04.1-Ubuntu SMP Fri Feb 16 23:25:58 UTC 2018), GCC 5.3', 0, 0, 3, 5);

--
-- Triggers `phones`
--
DELIMITER $$
CREATE TRIGGER `phones_timestamp` BEFORE INSERT ON `phones` FOR EACH ROW BEGIN
    IF NEW.InsertIntoDB = '0000-00-00 00:00:00' THEN
        SET NEW.InsertIntoDB = CURRENT_TIMESTAMP();
    END IF;
    IF NEW.TimeOut = '0000-00-00 00:00:00' THEN
        SET NEW.TimeOut = CURRENT_TIMESTAMP();
    END IF;
END
$$
DELIMITER ;

-- --------------------------------------------------------

--
-- Table structure for table `sentitems`
--

CREATE TABLE `sentitems` (
  `UpdatedInDB` timestamp NOT NULL DEFAULT CURRENT_TIMESTAMP ON UPDATE CURRENT_TIMESTAMP,
  `InsertIntoDB` timestamp NOT NULL DEFAULT '0000-00-00 00:00:00',
  `SendingDateTime` timestamp NOT NULL DEFAULT '0000-00-00 00:00:00',
  `DeliveryDateTime` timestamp NULL DEFAULT NULL,
  `Text` text NOT NULL,
  `DestinationNumber` varchar(20) NOT NULL DEFAULT '',
  `Coding` enum('Default_No_Compression','Unicode_No_Compression','8bit','Default_Compression','Unicode_Compression') NOT NULL DEFAULT 'Default_No_Compression',
  `UDH` text NOT NULL,
  `SMSCNumber` varchar(20) NOT NULL DEFAULT '',
  `Class` int(11) NOT NULL DEFAULT '-1',
  `TextDecoded` text NOT NULL,
  `ID` int(10) UNSIGNED NOT NULL DEFAULT '0',
  `SenderID` varchar(255) NOT NULL,
  `SequencePosition` int(11) NOT NULL DEFAULT '1',
  `Status` enum('SendingOK','SendingOKNoReport','SendingError','DeliveryOK','DeliveryFailed','DeliveryPending','DeliveryUnknown','Error') NOT NULL DEFAULT 'SendingOK',
  `StatusError` int(11) NOT NULL DEFAULT '-1',
  `TPMR` int(11) NOT NULL DEFAULT '-1',
  `RelativeValidity` int(11) NOT NULL DEFAULT '-1',
  `CreatorID` text NOT NULL
) ENGINE=MyISAM DEFAULT CHARSET=utf8mb4;

--
-- Dumping data for table `sentitems`
--

INSERT INTO `sentitems` (`UpdatedInDB`, `InsertIntoDB`, `SendingDateTime`, `DeliveryDateTime`, `Text`, `DestinationNumber`, `Coding`, `UDH`, `SMSCNumber`, `Class`, `TextDecoded`, `ID`, `SenderID`, `SequencePosition`, `Status`, `StatusError`, `TPMR`, `RelativeValidity`, `CreatorID`) VALUES
('2018-05-18 12:14:39', '2018-05-18 11:11:43', '2018-05-18 12:14:39', NULL, '0041006B0075006E00200061006E00640061002000740065006C006100680020006400690061006B007400690066006B0061006E002E00200054006500720069006D0061006B0061007300690068', '082233176190', 'Default_No_Compression', '', '+6281100000', -1, 'Akun anda telah diaktifkan. Terimakasih', 10, '', 1, 'SendingOKNoReport', -1, 171, 255, ''),
('2018-05-18 12:16:12', '2018-05-18 12:15:49', '2018-05-18 12:16:12', NULL, '0041006B0075006E00200061006E00640061002000740065006C006100680020006400690061006B007400690066006B0061006E002E00200054006500720069006D0061006B0061007300690068', '081342989185', 'Default_No_Compression', '', '+6281100000', -1, 'Akun anda telah diaktifkan. Terimakasih', 11, '', 1, 'SendingOKNoReport', -1, 172, 255, ''),
('2018-05-21 04:24:55', '2018-05-20 08:49:42', '2018-05-21 04:24:55', NULL, '0041006B0075006E00200061006E00640061002000740065006C006100680020006400690061006B007400690066006B0061006E002E00200054006500720069006D0061006B0061007300690068', '085145808443', 'Default_No_Compression', '', '+6281100000', -1, 'Akun anda telah diaktifkan. Terimakasih', 12, '', 1, 'SendingOKNoReport', -1, 53, 255, ''),
('2018-05-21 04:28:28', '2018-05-21 04:10:38', '2018-05-21 04:28:28', NULL, '0041006B0075006E00200061006E00640061002000740065006C006100680020006400690061006B007400690066006B0061006E002E00200054006500720069006D0061006B0061007300690068', '085281441821', 'Default_No_Compression', '', '+6281100000', -1, 'Akun anda telah diaktifkan. Terimakasih', 13, '', 1, 'SendingOKNoReport', -1, 54, 255, ''),
('2018-05-21 05:12:01', '2018-05-21 05:11:30', '2018-05-21 05:12:01', NULL, '0041006B0075006E00200061006E00640061002000740065006C006100680020006400690061006B007400690066006B0061006E002E00200054006500720069006D0061006B0061007300690068', '081280539201', 'Default_No_Compression', '', '+6281100000', -1, 'Akun anda telah diaktifkan. Terimakasih', 14, '', 1, 'SendingOKNoReport', -1, 55, 255, ''),
('2018-05-22 08:42:16', '2018-05-22 07:54:03', '2018-05-22 08:42:16', NULL, '0041006B0075006E00200061006E00640061002000740065006C006100680020006400690061006B007400690066006B0061006E002E00200054006500720069006D0061006B0061007300690068', '082233176190', 'Default_No_Compression', '', '+6281100000', -1, 'Akun anda telah diaktifkan. Terimakasih', 15, '', 1, 'SendingOKNoReport', -1, 57, 255, ''),
('2018-05-22 08:58:49', '2018-05-22 08:58:43', '2018-05-22 08:58:49', NULL, '00530065006C0061006D00610074002100200041006B0075006E00200061006E00640061002000740065006C006100680020006400690074006500720069006D00610020006F006C00650068002000610064006D0069006E002C002000730069006C00610068006B0061006E002000670075006E0061006B0061006E00200049005400200043006C006F00750064002000530074006F007200610067006500200041006E00640061002E00200054006500720069006D00610020004B0061007300690068', '082233176190', 'Default_No_Compression', '', '+6281100000', -1, 'Selamat! Akun anda telah diterima oleh admin, silahkan gunakan IT Cloud Storage Anda. Terima Kasih', 16, '', 1, 'SendingOKNoReport', -1, 58, 255, ''),
('2018-06-05 00:58:28', '2018-06-05 00:58:19', '2018-06-05 00:58:28', NULL, '00530065006C0061006D00610074002100200041006B0075006E00200061006E00640061002000740065006C006100680020006400690074006500720069006D00610020006F006C00650068002000610064006D0069006E002C002000730069006C00610068006B0061006E002000670075006E0061006B0061006E00200049005400200043006C006F00750064002000530074006F007200610067006500200041006E00640061002E00200054006500720069006D00610020004B0061007300690068', '082233176190', 'Default_No_Compression', '', '+6281100000', -1, 'Selamat! Akun anda telah diterima oleh admin, silahkan gunakan IT Cloud Storage Anda. Terima Kasih', 17, '', 1, 'SendingOKNoReport', -1, 59, 255, ''),
('2018-06-05 05:49:33', '2018-06-05 05:49:27', '2018-06-05 05:49:33', NULL, '00530065006C0061006D00610074002100200041006B0075006E00200061006E00640061002000740065006C006100680020006400690074006500720069006D00610020006F006C00650068002000610064006D0069006E002C002000730069006C00610068006B0061006E002000670075006E0061006B0061006E00200049005400200043006C006F00750064002000530074006F007200610067006500200041006E00640061002E00200054006500720069006D00610020004B0061007300690068', '082233176190', 'Default_No_Compression', '', '+6281100000', -1, 'Selamat! Akun anda telah diterima oleh admin, silahkan gunakan IT Cloud Storage Anda. Terima Kasih', 18, '', 1, 'SendingOKNoReport', -1, 60, 255, ''),
('2018-06-05 06:37:36', '2018-06-05 06:37:21', '2018-06-05 06:37:36', NULL, '00530065006C0061006D00610074002100200041006B0075006E00200061006E00640061002000740065006C006100680020006400690074006500720069006D00610020006F006C00650068002000610064006D0069006E002C002000730069006C00610068006B0061006E002000670075006E0061006B0061006E00200049005400200043006C006F00750064002000530074006F007200610067006500200041006E00640061002E00200054006500720069006D00610020004B0061007300690068', '085292227887', 'Default_No_Compression', '', '+6281100000', -1, 'Selamat! Akun anda telah diterima oleh admin, silahkan gunakan IT Cloud Storage Anda. Terima Kasih', 19, '', 1, 'SendingOKNoReport', -1, 61, 255, '');

--
-- Triggers `sentitems`
--
DELIMITER $$
CREATE TRIGGER `sentitems_timestamp` BEFORE INSERT ON `sentitems` FOR EACH ROW BEGIN
    IF NEW.InsertIntoDB = '0000-00-00 00:00:00' THEN
        SET NEW.InsertIntoDB = CURRENT_TIMESTAMP();
    END IF;
    IF NEW.SendingDateTime = '0000-00-00 00:00:00' THEN
        SET NEW.SendingDateTime = CURRENT_TIMESTAMP();
    END IF;
END
$$
DELIMITER ;

-- --------------------------------------------------------

--
-- Table structure for table `sharing_tbl`
--

CREATE TABLE `sharing_tbl` (
  `sharing_id` int(11) NOT NULL,
  `file_id` int(11) NOT NULL,
  `user_sender` int(11) NOT NULL,
  `user_receiver` int(11) NOT NULL
) ENGINE=InnoDB DEFAULT CHARSET=latin1;

--
-- Dumping data for table `sharing_tbl`
--

INSERT INTO `sharing_tbl` (`sharing_id`, `file_id`, `user_sender`, `user_receiver`) VALUES
(1, 2, 14, 1),
(2, 6, 15, 1);

-- --------------------------------------------------------

--
-- Table structure for table `user_tbl`
--

CREATE TABLE `user_tbl` (
  `user_id` int(11) NOT NULL,
  `user_name` varchar(200) NOT NULL,
  `user_password` varchar(200) NOT NULL,
  `user_surename` varchar(200) NOT NULL,
  `user_nidn` varchar(50) NOT NULL,
  `user_position` int(11) NOT NULL,
  `user_email` varchar(200) NOT NULL,
  `user_status` varchar(1) NOT NULL,
  `user_photo` text NOT NULL,
  `user_number` varchar(20) NOT NULL,
  `user_storage_size` int(11) NOT NULL
) ENGINE=InnoDB DEFAULT CHARSET=latin1;

--
-- Dumping data for table `user_tbl`
--

INSERT INTO `user_tbl` (`user_id`, `user_name`, `user_password`, `user_surename`, `user_nidn`, `user_position`, `user_email`, `user_status`, `user_photo`, `user_number`, `user_storage_size`) VALUES
(1, 'admin', '21232f297a57a5a743894a0e4a801fc3', 'Administrator IT', '09-8988877', 1, 'admin@gmail.com', 'Y', '', '082324266665', 25),
(6, 'miarifai', 'a7ff936aadbe59953f6247aa20dbdb96', 'najmia rifai', '', 0, '', 'Y', '', '082233176190', 25);

--
-- Indexes for dumped tables
--

--
-- Indexes for table `file_tbl`
--
ALTER TABLE `file_tbl`
  ADD PRIMARY KEY (`file_id`);

--
-- Indexes for table `inbox`
--
ALTER TABLE `inbox`
  ADD PRIMARY KEY (`ID`);

--
-- Indexes for table `note_tbl`
--
ALTER TABLE `note_tbl`
  ADD PRIMARY KEY (`note_id`);

--
-- Indexes for table `outbox`
--
ALTER TABLE `outbox`
  ADD PRIMARY KEY (`ID`),
  ADD KEY `outbox_date` (`SendingDateTime`,`SendingTimeOut`),
  ADD KEY `outbox_sender` (`SenderID`(250));

--
-- Indexes for table `outbox_multipart`
--
ALTER TABLE `outbox_multipart`
  ADD PRIMARY KEY (`ID`,`SequencePosition`);

--
-- Indexes for table `pbk`
--
ALTER TABLE `pbk`
  ADD PRIMARY KEY (`ID`);

--
-- Indexes for table `pbk_groups`
--
ALTER TABLE `pbk_groups`
  ADD PRIMARY KEY (`ID`);

--
-- Indexes for table `phones`
--
ALTER TABLE `phones`
  ADD PRIMARY KEY (`IMEI`);

--
-- Indexes for table `sentitems`
--
ALTER TABLE `sentitems`
  ADD PRIMARY KEY (`ID`,`SequencePosition`),
  ADD KEY `sentitems_date` (`DeliveryDateTime`),
  ADD KEY `sentitems_tpmr` (`TPMR`),
  ADD KEY `sentitems_dest` (`DestinationNumber`),
  ADD KEY `sentitems_sender` (`SenderID`(250));

--
-- Indexes for table `sharing_tbl`
--
ALTER TABLE `sharing_tbl`
  ADD PRIMARY KEY (`sharing_id`);

--
-- Indexes for table `user_tbl`
--
ALTER TABLE `user_tbl`
  ADD PRIMARY KEY (`user_id`);

--
-- AUTO_INCREMENT for dumped tables
--

--
-- AUTO_INCREMENT for table `file_tbl`
--
ALTER TABLE `file_tbl`
  MODIFY `file_id` int(11) NOT NULL AUTO_INCREMENT, AUTO_INCREMENT=17;

--
-- AUTO_INCREMENT for table `inbox`
--
ALTER TABLE `inbox`
  MODIFY `ID` int(10) UNSIGNED NOT NULL AUTO_INCREMENT, AUTO_INCREMENT=17;

--
-- AUTO_INCREMENT for table `note_tbl`
--
ALTER TABLE `note_tbl`
  MODIFY `note_id` int(11) NOT NULL AUTO_INCREMENT, AUTO_INCREMENT=3;

--
-- AUTO_INCREMENT for table `outbox`
--
ALTER TABLE `outbox`
  MODIFY `ID` int(10) UNSIGNED NOT NULL AUTO_INCREMENT, AUTO_INCREMENT=21;

--
-- AUTO_INCREMENT for table `pbk`
--
ALTER TABLE `pbk`
  MODIFY `ID` int(11) NOT NULL AUTO_INCREMENT;

--
-- AUTO_INCREMENT for table `pbk_groups`
--
ALTER TABLE `pbk_groups`
  MODIFY `ID` int(11) NOT NULL AUTO_INCREMENT;

--
-- AUTO_INCREMENT for table `sharing_tbl`
--
ALTER TABLE `sharing_tbl`
  MODIFY `sharing_id` int(11) NOT NULL AUTO_INCREMENT, AUTO_INCREMENT=3;

--
-- AUTO_INCREMENT for table `user_tbl`
--
ALTER TABLE `user_tbl`
  MODIFY `user_id` int(11) NOT NULL AUTO_INCREMENT, AUTO_INCREMENT=7;
COMMIT;

/*!40101 SET CHARACTER_SET_CLIENT=@OLD_CHARACTER_SET_CLIENT */;
/*!40101 SET CHARACTER_SET_RESULTS=@OLD_CHARACTER_SET_RESULTS */;
/*!40101 SET COLLATION_CONNECTION=@OLD_COLLATION_CONNECTION */;
